{"cameraMode":{"drawMode":0,"name":"Shaded","section":"Shading Mode"},"sceneLighting":true,"audioPlay":false,"sceneViewState":{"showFog":true,"showMaterialUpdate":true,"showSkybox":true,"showFlares":true,"showImageEffects":true,"showParticleSystems":true},"in2DMode":false,"pivot":{"x":15.348410606384278,"y":3.2787818908691408,"z":6.9824604988098148},"rotation":{"x":-0.5554299354553223,"y":-0.009752553887665272,"z":0.006556732580065727,"w":-0.8315277099609375},"size":17.990053176879884,"orthographic":false}