{"cameraMode":{"drawMode":0,"name":"Shaded","section":"Shading Mode"},"sceneLighting":true,"audioPlay":false,"sceneViewState":{"showFog":true,"showMaterialUpdate":true,"showSkybox":true,"showFlares":true,"showImageEffects":true,"showParticleSystems":true},"in2DMode":false,"pivot":{"x":32.68057632446289,"y":4.786802291870117,"z":20.225330352783204},"rotation":{"x":-0.3414198160171509,"y":0.5050286650657654,"z":-0.226948082447052,"w":-0.7595736980438232},"size":17.990053176879884,"orthographic":false}