{"cameraMode":{"drawMode":0,"name":"Shaded","section":"Shading Mode"},"sceneLighting":false,"audioPlay":false,"sceneViewState":{"showFog":true,"showMaterialUpdate":true,"showSkybox":false,"showFlares":true,"showImageEffects":true,"showParticleSystems":true},"in2DMode":false,"pivot":{"x":0.6014938950538635,"y":0.315932959318161,"z":1.6159310340881348},"rotation":{"x":-0.017077412456274034,"y":0.049467895179986957,"z":0.0008654748671688139,"w":0.9986507892608643},"size":2.828869104385376,"orthographic":false}