{"cameraMode":{"drawMode":0,"name":"Shaded","section":"Shading Mode"},"sceneLighting":true,"audioPlay":false,"sceneViewState":{"showFog":true,"showMaterialUpdate":true,"showSkybox":true,"showFlares":true,"showImageEffects":true,"showParticleSystems":true},"in2DMode":false,"pivot":{"x":75.81830596923828,"y":-184.37884521484376,"z":190.30909729003907},"rotation":{"x":0.35362017154693606,"y":0.17664778232574464,"z":-0.06818851083517075,"w":0.9160555601119995},"size":140.14523315429688,"orthographic":false}