{"cameraMode":{"drawMode":0,"name":"Shaded","section":"Shading Mode"},"sceneLighting":false,"audioPlay":false,"sceneViewState":{"showFog":true,"showMaterialUpdate":true,"showSkybox":false,"showFlares":true,"showImageEffects":true,"showParticleSystems":true},"in2DMode":false,"pivot":{"x":0.31785058975219729,"y":0.32584118843078616,"z":0.5572262406349182},"rotation":{"x":0.06792838126420975,"y":-0.6143821477890015,"z":0.05322128161787987,"w":0.7843025326728821},"size":2.53853178024292,"orthographic":false}