{"cameraMode":{"drawMode":0,"name":"Shaded","section":"Shading Mode"},"sceneLighting":true,"audioPlay":false,"sceneViewState":{"showFog":true,"showMaterialUpdate":true,"showSkybox":false,"showFlares":true,"showImageEffects":true,"showParticleSystems":true},"in2DMode":false,"pivot":{"x":5.015371799468994,"y":-0.05754983425140381,"z":5.209426403045654},"rotation":{"x":0.23047417402267457,"y":-0.08162745833396912,"z":0.019413381814956666,"w":0.9694702625274658},"size":1.0330126285552979,"orthographic":false}