{"cameraMode":{"drawMode":0,"name":"Shaded","section":"Shading Mode"},"sceneLighting":false,"audioPlay":false,"sceneViewState":{"showFog":true,"showMaterialUpdate":true,"showSkybox":false,"showFlares":true,"showImageEffects":true,"showParticleSystems":true},"in2DMode":false,"pivot":{"x":-0.3697763681411743,"y":0.665114164352417,"z":-0.25554943084716799},"rotation":{"x":0.353607177734375,"y":-0.06726496666669846,"z":0.025523867458105089,"w":0.9326459169387817},"size":1.1079260110855103,"orthographic":false}