{"cameraMode":{"drawMode":0,"name":"Shaded","section":"Shading Mode"},"sceneLighting":true,"audioPlay":false,"sceneViewState":{"showFog":true,"showMaterialUpdate":true,"showSkybox":true,"showFlares":true,"showImageEffects":true,"showParticleSystems":true},"in2DMode":false,"pivot":{"x":-0.25444790720939639,"y":2.1139185428619386,"z":-2.2415692806243898},"rotation":{"x":-0.39816367626190188,"y":-0.03383946046233177,"z":0.014699804596602917,"w":-0.9165736436843872},"size":0.4391976594924927,"orthographic":false}