{"cameraMode":{"drawMode":0,"name":"Shaded","section":"Shading Mode"},"sceneLighting":false,"audioPlay":false,"sceneViewState":{"showFog":true,"showMaterialUpdate":true,"showSkybox":false,"showFlares":true,"showImageEffects":true,"showParticleSystems":true},"in2DMode":false,"pivot":{"x":0.07488468289375305,"y":1.1014007329940797,"z":0.19933152198791505},"rotation":{"x":0.353607177734375,"y":-0.06726496666669846,"z":0.025523867458105089,"w":0.9326459169387817},"size":1.1079260110855103,"orthographic":false}